Bank,Fiscal year,CET1 ratio,Cash and balances with central banks,Customer deposits,Debt securities issued / wholesale funding,Fee and commission expense,Fee and commission income,Impairment losses / credit loss expense,Interest expense,Interest income,Loan loss allowance,Loans and advances to customers (gross),Net interest income,Net profit,Operating expenses,Risk-weighted assets (RWA),Total assets,Total equity,Total operating income,asset_quality_value,asset_quality_type,asset_quality_ratio_label
ABN AMRO,2015,15.5,26195,230297,85915,1233,3061,505,7130,13207,4355,263674,6076,1924,5228,108001,390317,17584,8455,2.7,Impaired,Impaired ratio
ABN AMRO,2016,17,21861,228758,92449,1340,3082,114,6383,12651,3666,266551,6267,1806,5657,104215,394482,18937,8227,3.3,Impaired,Impaired ratio (Total Loans and receivables - customers)
ABN AMRO,2017,17.7,29783,236699,86331,1391,3138,-63,6045,12502,2460,273666,6456,2791,5582,106157,393171,21330,9290,2.5,Impaired,Impaired ratio
ABN AMRO,2018,18.4,34371,236123,90589,1470,3169,655,6052,12645,2269,269961,6593,2325,5351,105391,381295,21360,9093,2.2,Stage3,Stage 3 Impaired ratio
ABN AMRO,2019,18.1,27061,234991,85316,489,2121,657,3588,10056,2426,267185,6468,2046,5268,109825,375054,21471,8605,2.5,Stage3,Stage 3 Impaired ratio
ABN AMRO,2020,17.7,60190,238570,75018,695,2253,2303,1952,7815,3467,255626,5863,-45,5256,110481,395623,20989,7916,3.4,Stage3,Stage 3 impaired ratio
ABN AMRO,2021,16.3,66865,251218,67237,550,2213,-46,1808,7018,2416,258715,5210,1234,5806,117693,399113,21999,7597,2.6,Stage3,Stage 3 ratio
ABN AMRO,2022,15.2,60865,255015,63549,493,2271,39,2512,7934,2026,258212,5422,1867,5425,128593,379581,22814,7841,2,Stage3,Stage 3 ratio
ABN AMRO,2023,14.3,53656,254466,71800,498,2281,-158,9904,16183,1602,253446,6278,2697,5233,140187,377909,24168,8618,1.9,Stage3,Stage 3 ratio
ABN AMRO,2024,14.5,44464,256186,81155,504,2414,-21,10604,17108,1364,254730,6504,2403,5467,140871,385047,26108,8861,2.1,Stage3,Stage 3 ratio
AIB Group,2015,13,4950,63383,7001,44,449,925,1028,2955,6900,70100,1927,1380,1678,59200,103122,12148,2628,19,Impaired,Impaired loans are 19% of total gross loans
AIB Group,2016,15.3,6519,63502,6880,35,430,294,598,2611,4589,65228,2013,1356,1571,54200,95622,13148,2919,14,Other,Total % of total gross loans
AIB Group,2017,17.5,6364,64572,4590,45,436,113,305,2481,3345,63338,2176,1114,1835,51823,90062,13612,3001,16,Other,Total non performing loans / Total loans (%)
AIB Group,2018,17.5,6516,67699,5745,41,498,204,266,2366,2039,62907,2100,1092,1823,51439,91536,13858,2874,10,NPL,Total non-performing loans/ Total loans (%)
AIB Group,2019,17.3,11982,71803,6831,71,543,-16,294,2370,1238,62126,2076,364,2181,51999,98562,14230,2655,5.4,NPL,Non-performing loans ratio
AIB Group,2020,15.6,25550,81972,5450,169,564,-1460,255,2127,-2510,59455,1872,-741,1859,52579,110385,13421,2373,7.3,NPL,Total non-performing loans/Total loans (%)
AIB Group,2021,16.6,42654,92866,5819,160,640,238,290,2084,-1885,58393,1794,645,2006,52358,127875,13660,2379,5.4,NPL,Non-performing loans ratio
AIB Group,2022,16.3,38138,102400,7200,177,765,-7,353,2512,1618,61231,2159,765,2063,55333,129752,12261,2913,3.5,NPL,Non-performing loans as a % of total loans and advances to customers
AIB Group,2023,15.8,38018,104782,8423,173,806,-172,804,4645,-1520,67011,3841,2058,2142,59463,136349,15077,4722,3,NPL,Non-performing loans as a % of total loans and advances to customers
AIB Group,2024,15.1,37315,109883,8832,164,845,-55,1247,5376,-1344,71233,4129,2351,2195,62030,141266,15437,4928,2.7,Stage3,Computed: Stage 3 loans / Total gross loans (amortised cost)
BBVA,2015,NA,43467,403069,66165,1729,6340,-4272,8761,24783,NA,NA,16022,2642,10836,NA,750078,55439,23362,NA,NA,NA
BBVA,2016,NA,43184,401465,74581,2086,6804,-3835,10648,27708,-9428,NA,17059,3475,10323,NA,731856,55428,24655,6.8,NPL,Non-performing loans and advances as a % of the total
BBVA,2017,11.7,42680,376379,63915,2229,7150,-4803,11537,29296,-6950,400369,17758,3519,11112,361686,690059,53283,25270,5.4,NPL,Non-performing loans and advances as a % of the total
BBVA,2018,11.6,58196,375970,61112,2253,7132,-3981,12239,29831,12493,386225,17591,5324,11702,348254,676689,52874,23747,3.9,NPL,NPL ratio (%)
BBVA,2019,11.98,44303,384219,63963,2489,7522,-4151,12859,31061,-12427,394763,18202,3512,11902,364448,698690,54925,24542,3.8,NPL,NPL ratio
BBVA,2020,11.73,65520,409122,61780,1857,5980,-5179,7797,22389,-13133,378139,14592,1305,10755,364448,736176,50020,20166,4,NPL,NPL ratio
BBVA,2021,12.75,67799,349761,55763,2232,6997,-3034,8329,23015,-11116,330055,14686,4653,9530,307331,662885,48760,21066,4.1,NPL,NPL ratio (%)
BBVA,2022,12.61,79756,393856,55429,2907,8261,-3379,12279,31432,11764,369260,19153,6420,10760,336920,713140,50615,24890,3.4,NPL,NPL Ratio
BBVA,2023,12.67,75416,413487,77750,3611,9899,-4428,24761,47850,11762,388912,23089,8019,12309,363916,775558,55265,29542,3.4,NPL,NPL ratio
BBVA,2024,12.84,51145,447646,69867,5048,13036,-5745,36392,61659,11905,424087,25267,10575,12660,370165,772402,60014,35481,3.3,NPL,NPL ratio
BNP Paribas,2015,11,134547,700309,159447,5720,13335,-3797,18828,41381,27676,708691,22553,7044,29254,629626,1994193,100077,42938,NA,NA,NA
BNP Paribas,2016,11.6,160400,765953,153422,5563,12765,-3262,18518,40894,28475,739278,22376,8115,29378,638207,2076959,105220,43411,3.8,Other,DOUBTFUL LOANS(*)/LOANS(**)
BNP Paribas,2017,11.9,178446,766890,148156,5777,13231,-2907,19011,40785,25999,752361,21774,8207,29944,640644,1960252,107209,43161,3.3,Other,DOUBTFUL LOANS(*)/LOANS(**)
BNP Paribas,2018,11.8,185119,796548,151451,3718,12925,-2764,14661,35723,25980,789952,21062,8005,30583,647001,2040836,105726,42516,2.6,Other,DOUBTFUL LOANS(*)/LOANS(**)
BNP Paribas,2019,12.1,155135,834667,157578,3900,13265,-3203,16200,37327,23040,826953,21127,8583,31337,668828,2164713,111845,44597,2.2,Other,DOUBTFUL LOANS(*)/LOANS(**)
BNP Paribas,2020,12.8,308703,940991,148303,3737,13599,-5717,12277,33589,23452,830979,21312,7415,30194,695523,2488491,117349,44275,2.1,Other,DOUBTFUL LOANS(*)/LOANS(**)
BNP Paribas,2021,12.89,347883,957684,149723,4675,15037,-2971,10280,29518,21959,833935,19238,9880,29466,713671,2634444,122507,43762,2,Other,DOUBTFUL LOANS(*)/LOANS(**)
BNP Paribas,2022,12.33,318560,1008054,154143,4444,14622,-3004,20251,41082,20245,875301,20831,10597,31695,744851,2666376,126555,47631,1.7,Other,DOUBTFUL LOANS(*)/LOANS(**)
BNP Paribas,2023,13.2,288259,988549,191482,5190,15011,-2907,60484,79542,19264,876712,19058,11406,30956,703694,2591499,128867,45874,1.7,Other,DOUBTFUL LOANS(*)/LOANS(**)
BNP Paribas,2024,12.87,182496,1034857,198119,5495,16196,-2999,63496,83020,18514,917049,19524,12187,30193,762247,2704908,134141,48831,1.6,Other,DOUBTFUL LOANS /LOANS
Banca Transilvania,2015,16.7,4997.93,38301.741,416.424,116.031,603.085,-797.514,464.802,2416.977,-2786.701,28012.315,1952.175,2448.761,1401.326,27587.989,47579.092,6240.813,2854.15,NA,Other,Not found
Banca Transilvania,2016,17.99,5293.66,41681.475,414.845,106.629,652.9,-1027.514,263.533,2027.566,-2243.865,29477.91,1764.033,1277.013,1913.665,NA,51735.268,6153.728,2972.502,NA,NA,NA
Banca Transilvania,2017,18.37,6637.725,48932.195,414.578,143.8,744.313,-29.221,211.802,2102.621,-1824.511,31896.727,1890.819,1242.468,1447.97,33062.167,59804.969,7140.112,2890.592,NA,NA,NA
Banca Transilvania,2018,16.4,10322.121,65160.466,1655.377,252.233,1029.941,-364.421,432.5,3182.049,-2673.308,40490.392,2749.549,1260.68,2398.712,46104.519,77896.754,7880.073,3945.463,NA,NA,NA
Banca Transilvania,2019,17.04,11391.107,77037.06,1700.207,327.638,1147.939,-292.646,580.647,3654.392,-2781.031,43134.878,3073.745,1847.893,2483.403,51581.043,91722.281,9213.836,4614.986,NA,NA,NA
Banca Transilvania,2020,18.37,22133.211,90942.415,1667.761,375.479,1151.94,-865.84,683.332,3660.425,-3498.298,44286.658,2977.093,1424.078,2915.204,57543.951,107492.397,10414.358,4537.632,NA,NA,NA
Banca Transilvania,2021,22.5,18320.913,108021.629,7929.5,471.518,1432.875,-385.844,553.634,3695.753,-3935.719,58459.285,3142.119,2024.533,2638.616,51728.52,132501.19,10564.134,4934.037,NA,NA,NA
Banca Transilvania,2022,NA,14540.717,119731.729,4840.928,613.492,1781.324,-553.162,1602.95,5769.63,NA,NA,4426.659,2488.417,2983.748,NA,140510.795,8918.866,6279.956,NA,NA,NA
Banca Transilvania,2023,NA,24252.6,138052.954,9548.567,774.686,2058.966,-420.716,3579.328,8432.799,NA,NA,5213.58,2984.501,3523.631,NA,169169.225,13224.262,7742.682,NA,NA,NA
Banca Transilvania,2024,NA,21950.258,167827.766,12237.715,1027.277,2515.108,-657.077,4323.348,10692.264,NA,NA,6907.762,4731.969,4863.28,NA,207031.042,16628.874,10067.765,NA,NA,NA
Banco Comercial Português,2015,13.3,1840.317,51538.583,4768.269,109.598,802.46,-833.024,1014.526,2316.101,-3468.084,55438.243,1301.575,235.344,1106.526,43315.42,74884.879,5680.571,2510.159,6.6,Other,GROUP [Main Credit Risk Indicators]
Banco Comercial Português,2016,12.4,1573.912,48797.647,3512.82,100.021,743.855,-1116.916,679.871,1909.997,-3740.851,51758.453,1230.126,23.938,779.996,39159.79,71264.811,5265.181,2022.46,10.9,Other,Credit at risk Total loans
Banco Comercial Português,2017,13.2,2167.934,51188,3820.302,114.517,781.214,-623.708,522.935,1914.21,-3321.931,50955.423,1391.275,186.391,954.181,40171.114,71939,5931.851,2101.708,15,NPE,Non-performing exposures / Loans and advances to customers (*)
Banco Comercial Português,2018,12.1,2753.839,52664.687,1686.087,144.471,828.49,-465.468,466.108,1889.739,-2851.906,48412.832,1423.631,301.065,1027.213,41883.032,75923.049,6963.906,2059.433,6.1,NPL,NPL > 90 days / Credit to clients (gross)
Banco Comercial Português,2019,12.2,5166.551,59127.005,1594.724,160.859,864.356,-390.308,442.917,1991.445,-2417.022,52264.851,1548.528,302.003,1169.472,45031.478,81643.408,7381.254,2338.384,2.7,NPL,NPL > 90 days / Gross credit
Banco Comercial Português,2020,12.2,5303.864,63000.829,1388.849,152.874,855.53,-513.412,272.408,1805.583,-2036.522,54157.337,1533.175,183.012,1119.344,46413.048,85813.421,7386.27,2244.083,3.1,NPL,Non-performing loans (NPL) > 90 days / Loans to customers (gross)
Banco Comercial Português,2021,11.7,7796.299,69560,2188.363,147.541,875.264,-352.833,120.523,1709.124,-1867.365,58231,1588.601,138.082,1115.598,45932.529,92904.812,7062.057,2274.895,4.8,NPL,NPL ratio (Loans and Advances)
Banco Comercial Português,2022,12.5,6022.001,75906.814,2823.093,171.866,943.774,-300.829,587.463,2737.235,-1515,57713,2149.772,197.386,1073.018,43106,89876.743,5936.767,2788.614,1.3,NPL,NPL > 90 days / Loans to customers (gross)
Banco Comercial Português,2023,15.4,4545.526,79215,4000,172.638,944.311,-247.992,1545.565,4371.289,-1582.65,54887.809,2825.724,856.05,1162.551,39725,94379.778,7299.498,3683.58,1.3,NPL,NPL > 90 days / Loans to customers (gross)
Banco Comercial Português,2024,16.5,5589.03,81992.851,4252.826,187.526,996.066,-182.4,1884.981,4715.834,-1486.733,55393.791,2830.853,906.378,1307.2,40490,105518.849,7931.659,3574.6,1.1,NPL,NPL > 90 days / Loans to customers (gross)
Banco Santander,2015,10.05,81329,683122,205029,3009,13042,-10108,24386,57198,27121,817365,32189,5966,21571,583893,1340260,98753,45272,4.36,NPL,NPL ratio
Banco Santander,2016,10.55,76454,691111,228869,2763,12943,-9626,24067,55156,24835,814863,31089,6204,21088,588088,1339125,102699,44232,3.93,NPL,NPL ratio
Banco Santander,2017,10.84,110995,777730,217966,2982,14579,-9259,21745,56041,23934,872849,34296,6619,22918,605064,1444305,106833,48355,4.08,NPL,NPL ratio
Banco Santander,2018,11.3,113663,780496,246619,3179,14664,-8986,19984,54325,23307,906228,34341,7810,22779,592319,1459271,107361,48424,3.73,NPL,NPL ratio
Banco Santander,2019,11.65,101067,824365,208455,3570,15349,-9352,21502,56785,22242,964460,35283,6515,23280,605244,1522695,110659,49229,3.32,NPL,NPL ratio
Banco Santander,2020,12.34,153839,849310,235269,3198,13213,-12382,13747,45741,24272,939794,31994,-8771,21130,562580,1508250,91322,44279,3.21,NPL,NPL ratio
Banco Santander,2021,12.12,210689,918344,246163,3310,13812,-7407,13093,46463,23698,995646,33370,8124,21415,579478,1595835,97053,46404,3.16,NPL,NPL ratio
Banco Santander,2022,12.04,223073,1025401,280339,4077,15867,-10863,32811,71430,22684,1058688,38619,9605,23903,609702,1734659,97585,52117,3.08,NPL,NPL ratio
Banco Santander,2023,12.3,220342,1047169,308579,4264,16321,-12956,61991,105252,22788,1059137,43261,11076,25425,623652,1797062,104241,57423,3.14,NPL,NPL ratio
Banco Santander,2024,12.8,192208,1055936,325521,4592,17602,-12644,66067,112735,22125,1076194,46668,12574,26034,624477,1837081,107327,61876,3.05,NPL,NPL ratio
Bank of Cyprus,2015,14,1422.602,14180.681,0.712,9.1,162.557,-959,279.665,1122.105,4193.433,22592.475,842.44,-454.302,416,19666,23270.501,3077.331,1040,62,NPE,Non-performing exposures (NPEs)... accounting for % of gross loans
Bank of Cyprus,2016,14.5,1506.396,16509.741,850.014,18.216,184.874,-360.311,200.4,859.219,3552.242,20130.095,686.182,67.231,395,18865.224,22171.935,3106.105,963,55,NPE,Non-performing exposures (NPEs) ... accounting for % of gross loans
Bank of Cyprus,2017,12.7,3393.934,17849.919,930,10.179,190.577,-1018.357,228.291,811.031,4152.261,18754.715,582.74,-554.325,555.072,17260,23598.6,2616.708,861,47,NPE,NPE ratio
Bank of Cyprus,2018,12.1,4610.491,16843.558,830,23.636,178.907,-300.634,190.066,609.119,3852.218,15900.427,419.053,-102.033,399.696,15373.359,22075.271,2367.328,755.79,46.7,NPE,Ratio of NPE/Gross loans (%)
Bank of Cyprus,2019,14.8,5060.042,16691.531,0,9.821,171.715,-263.322,142.201,508.177,2096.18,12821.838,365.976,-67.738,592.944,12890.003,21122.822,2288.627,687.94,30.3,NPE,Ratio of NPE/Gross loans (%)
Bank of Cyprus,2020,14.8,5653.315,16533.212,994.694,6.417,151.091,-317.251,106.711,436.709,1901.978,12261.404,329.998,-174.783,423.268,11636.375,21514.131,2075.054,570.638,25.2,NPE,Ratio of NPE/Gross loans (%)
Bank of Cyprus,2021,15.1,9230.883,17530.883,2969.6,8.416,180.212,-46.144,92.249,388.549,791.83,10856.66,296.3,31.877,422.694,10694.229,24962.697,2081.227,553.891,12.4,NPE,Ratio of NPE/Gross loans (%)
Bank of Cyprus,2022,15.2,9567.258,18998.319,1976.674,10.299,202.583,-126,80.661,450.968,178.442,10217.453,370.307,71.106,510,10114.215,25434.615,2100.67,709,4,NPE,NPE ratio
Bank of Cyprus,2023,17.4,9614.502,19336.915,2043.868,7.32,188.343,-62.749,151.452,943.669,267.232,10069.828,792.217,487.207,383.486,10341.138,26628.577,2488.341,1092.264,3.6,NPE,NPE ratio
Bank of Cyprus,2024,19.2,7600.726,20519.276,989.435,7.475,184.418,-30.368,188.619,1010.083,254.412,10374.056,821.464,508.188,405.826,10834,26483.592,2830.068,1094.164,2.5,Other,Ratio of NPEs/Gross loans (%)
Bank of Ireland Group,2015,11.3,6603,80164,13243,242,561,-296,825,3269,-5886,90595,2444,947,1821,53300,130960,9113,4804,13.2,NPL,Non-performing loans as % of advances
Bank of Ireland Group,2016,12.3,5192,75167,10697,222,559,-178,598,2861,-3885,82362,2263,793,1897,50800,123129,9402,4672,9.6,NPL,Non-performing loans as % of advances
Bank of Ireland Group,2017,13.8,7379,75869,8390,217,543,-15,394,2546,-2359,78487,2152,692,2080,45000,122554,9667,4603,8.3,NPE,Non-performing exposures as % of advances
Bank of Ireland Group,2018,13.4,6033,78899,11000,224,521,42,379,2513,-1728,78430,2134,675,1941,47800,123669,10051,3747,6.3,NPE,NPE ratio
Bank of Ireland Group,2019,13.8,8325,83968,11000,205,510,-214,370,2525,-1308,80543,2155,448,2065,49900,131883,10433,5557,4.4,NPE,NPE ratio
Bank of Ireland Group,2020,13.4,10953,88637,6367,172,428,-1133,481,2570,-2242,78462,2089,-707,2036,48000,133754,9621,4335,5.7,NPE,NPE ratio
Bank of Ireland Group,2021,16,31360,92754,8483,179,448,194,543,2770,-1958,77878,2227,1055,1859,46200,155268,11338,6078,5.5,NPE,NPE ratio
Bank of Ireland Group,2022,15.4,36855,99200,7774,268,579,-187,663,3150,-1295,73039,2487,897,2012,47500,151324,11932,3609,3.6,Other,NPEs as % of advances
Bank of Ireland Group,2023,14.3,31843,100183,12000,219,673,-425,2622,6329,-1222,80746,3707,1601,2094,52500,155708,12561,4460,3.1,NPE,NPE ratio %
Bank of Ireland Group,2024,14.6,32436,103069,11530,212,729,-107,3141,6742,-1028,83381,3601,1531,2435,55300,161813,13009,4413,2.2,NPE,NPE ratio %
Belfius Bank,2015,14.9,576.276,68072.328,27777.552,104.668,601.668,-92.665,2648.756,4672.441,NA,88716.714,2023.685,506.076,1396.451,47026,176962.124,8659.717,2183.862,2.29,Other,Asset quality ratio(2)
Belfius Bank,2016,16.1,5111.05,74138.507,23981.43,117.639,625.109,-115.969,2039.969,3983.201,NA,91291.721,1943.232,535.229,1366.281,46554,176720.926,9011.72,2259.271,2.54,Other,Asset quality ratio(2)
Belfius Bank,2017,15.9,10236.669,76274.483,22027.063,168.809,721.472,-33.013,1609.627,3561.1,-1534.216,91519.456,1951.473,605.502,1368.608,50615,167959.201,9521.408,2354.682,1.99,Other,Asset quality ratio(2)
Belfius Bank,2018,16,8314.303,79661.31,26686.872,178.71,734.366,-66.397,1527.831,3399.369,-1483.775,90786.221,1871.539,649.028,1425.792,51039,164165.152,9959.623,2361.189,2.05,Other,Asset quality ratio(3)
Belfius Bank,2019,15.6,6715.928,85449.91,27654.505,176.873,756.445,-111.438,1541.463,3441.636,-1515.89,94907,1900.173,667.496,1452.379,56398,172439.465,10506,2488.587,1.96,Other,Asset quality ratio(2)
Belfius Bank,2020,17.11,25433.799,95268.309,24402.198,169.319,810.261,-453.133,1361.293,3352.799,-1827.928,98639.836,1991.506,531.615,1464.919,59322,187991.433,10733.397,2613.649,2.02,Other,Asset quality ratio
Belfius Bank,2021,16.37,31640.347,104343.587,23145.353,184.745,942.249,1.361,1356.009,3357.376,-1765.512,103306.489,2001.367,934.964,1477.125,65095,192150.543,11492.748,2703.276,1.95,Other,Asset quality ratio
Belfius Bank,2022,16.55,27295.434,108405.724,25928.567,192.643,982.858,-105.689,1640.45,3720.738,-1802.342,111146,2080.288,974.711,1620.005,64796,179465.679,11620.652,2982.353,1.82,Other,Asset quality ratio(2)
Belfius Bank,2023,15.95,20487.14,104000.435,36017.933,201.362,980.274,-109.211,4442.285,6868.486,1836,115778,2426.201,1114.538,1538.166,69504,179179.352,12219.362,3140.888,1.95,Other,Asset quality ratio(2)
Belfius Bank,2024,15.39,22259.583,108662.704,41453.201,222.753,1053.855,-133.294,5795.913,8135.464,-1788.617,125413,2339.551,1126.872,1612.971,75113.7,187457.435,12833.333,3259.288,1.92,Other,Asset quality ratio
CaixaBank,2015,12.9,5771.567,186107.039,32414.786,143.395,2156.832,-2516,4020.418,8373.068,9171.536,211903.981,4352.65,816.502,4606,143311.653,344255.475,25204.55,7726,7.9,NPL,non-performing loan ratio (including non-performing contingent liabilities)
CaixaBank,2016,13.2,13259.957,217123,31996,171.657,2261.91,-1069,2596.196,6753.052,6689.705,204857,4156.856,1054.935,4116,134863.962,347927.262,23555.562,7827,6.9,NPL,NPL ratio
CaixaBank,2017,12.7,20155.318,196611,28691,261.18,2759.849,-799,NA,NA,7135,223951,4746,1684,4577,148940,383186.163,24683.281,8222,6,NPL,NPL ratio
CaixaBank,2018,11.8,19158.213,210465.352,29453,315.043,2898.386,-567,2038.598,6945.498,6014,224693,4906.9,1984.647,4658,145942.433,386622.25,24058.445,8767,4.7,NPL,NPL ratio (loans + contingent liabilities)
CaixaBank,2019,12,15110,221079,33648,342,2940,-425,2104,7055,4863,227406,4951,1705,5750,147880,391414,25151,8605,3.6,NPL,NPL ratio
CaixaBank,2020,13.6,51611,245167,35813,335,2911,-1943,1864,6764,5755,243924,4900,1381,4579,144073,451520,25278,8410,3.3,NPL,NPL ratio
CaixaBank,2021,13.1,104216,392479,53684,424,4129,-897,1917,7892,8625,352951,5975,5229,8049,215500,680036,35425,10274,3.6,NPL,Non-performing loan ratio
CaixaBank,2022,12.8,20522,393060,52608,396,4406,-982,2317,9233,7867,361323,6916,3149,6070,215103,592234,34262,11594,2.7,NPL,NPL Ratio (loans and contingent liabilities)
CaixaBank,2023,12.4,37861,396761,56755,379,4037,-1225,8110,18223,7665,354098,10113,4818,5812,228428,607167,36339,14231,2.7,NPL,Non-performing loan ratio
CaixaBank,2024,12.2,49804,424238,56563,NA,NA,-1056,9796,20904,7016,361214,11108,5787,6108,237969,631003,36865,15873,2.6,NPL,Non-performing loan ratio
Commerzbank,2015,13.8,28509,257615,40605,643,4067,-696,5837,11616,4192,222737,5779,1062,7157,198200,532641,30407,9762,1.6,NPL,NPL ratio (%)
Commerzbank,2016,13.9,34802,250920,38494,625,3837,-900,4771,9848,3934,216518,5077,279,7100,190500,480450,29640,9399,1.6,NPL,NPL ratio (%)
Commerzbank,2017,14.9,55733,248995,43369,745,3923,-781,4222,8423,3337,224083,4201,156,7079,171369,452493,30041,9163,1.3,NPL,NPL ratio (%)4
Commerzbank,2018,12.9,53914,253113,45524,662,3751,-446,3922,8670,2493,231463,4748,865,6879,180500,462369,29411,8570,0.9,NPL,NPL ratio (%)4
Commerzbank,2019,13.4,41164,265048,43182,650,3706,-620,3702,8776,2546,250735,5074,644,6313,181765,463636,30667,8643,0.9,NPE,NPE ratio (%)3
Commerzbank,2020,13.2,75603,281104,44069,592,3909,-1748,2610,7585,3611,254570,4975,-2870,6160,178581,506916,28600,8186,1,NPE,NPE ratio (%)3
Commerzbank,2021,13.6,49507,261965,39352,639,4255,-570,2419,7268,3443,260121,4849,430,6239,175188,473044,29827,8459,0.9,NPE,NPE ratio (%)
Commerzbank,2022,14.1,75233,299455,37982,675,4194,-876,3873,10332,3704,264374,6459,1435,5844,168700,477438,30905,9461,1.1,NPE,NPE-ratio (%)
Commerzbank,2023,14.7,28413,349195,46580,730,4116,-618,9895,18263,3872,273453,8368,2224,6006,175100,517166,33009,10461,0.8,NPE,NPE-ratio (%)
Commerzbank,2024,15.1,73001,366978,53544,821,4459,-743,12884,21215,3134,286931,8331,2677,6244,173400,554646,35716,11107,1.1,NPE,NPE ratio (%)
Crédit Agricole Group,2015,13.7,39262,663135,167810,2765,11681,-3031,16257,36240,21430,761816,6043,6431,18786,509403,1698859,97421,31836,NA,NA,NA
Crédit Agricole Group,2016,14.5,31254,693260,168071,2822,11592,-2412,15237,34373,21347,774010,4800,5172,19102,520963,1722849,103174,30427,3,Impaired,Impaired loans ratio
Crédit Agricole Group,2017,14.9,54119,732420,177532,3438,13147,-1651,13734,33411,19958,834716,6500,7010,19699,521516,1763169,107736,32108,2.7,Impaired,Impaired loans ratio
Crédit Agricole Group,2018,15,70584,789835,198227,4153,13841,-1719,14594,33110,-19475,857505,NA,7369,20266,541770,1854763,112188,32839,2.41,Impaired,Impaired loan ratio(1)
Crédit Agricole Group,2019,15.9,97135,855507,213366,4162,13721,-1757,15512,33509,-18991,932487,NA,7704,20088,559009,2010966,121534,33297,2.47,Impaired,Impaired loans to outstanding loans ratio(1)
Crédit Agricole Group,2020,17.2,197792,963433,171796,3933,13376,-3651,12710,31500,-19585,985075,NA,5193,19921,562059,2217512,126474,33596,2.37,Impaired,Impaired loan ratio
Crédit Agricole Group,2021,17.54,241191,1044566,181705,4621,15371,-2193,11851,31634,-18946,1070539,NA,9101,21169,585441,2323557,133715,36822,2.02,Impaired,Impaired loan ratio on outstandings
Crédit Agricole Group,2022,17.6,210804,1095758,219717,4961,15906,-2893,16739,37648,-20161,1147547,NA,8144,22564,574600,2379120,133791,38162,2.1,Other,non performing loans ratio
Crédit Agricole Group,2023,17.5,180723,1121942,253201,4188,16025,-2941,43143,63255,-19956,1144455,NA,9071,20186,609852,2467099,135620,36492,2.1,Other,non performing loans ratio
Crédit Agricole Group,2024,17.2,9907,1392800,1392800,5108,15556,-3191,62569,78510,-21960,1356100,15941,8640,22729,610100,2601700,148800,38060,2.07,Impaired,Impaired loan ratio on outstandings
DNB,2015,14.4,19317,944428,804928,3101,11963,-2270,22174,57532,11192,1549950,35358,24762,19910,1129373,2598530,190078,53993,0.76,Other,Net non-performing and doubtful loans and guarantees represented 0.76 per cent of the loan portfolio
DNB,2016,16,208263,934897,765869,3172,11452,-7424,18314,52424,15615,1519392,34110,19251,21333,1051498,2653201,206423,52163,1.49,Other,Net non-performing and doubtful loans and guarantees represented 1.49 per cent
DNB,2017,16.4,151595,971137,780247,3831,12279,-2428,18442,53865,12387,1548577,35422,21803,22593,1042601,2698268,216897,51140,0.98,Other,Net non-performing and doubtful loans and guarantees represented 0.98 per cent
DNB,2018,16.4,155592,927092,801918,3925,13235,139,20838,57660,11617,1545180,36822,24282,22057,1077934,2634903,223966,50368,1.51,Stage3,"Net loans at amortised cost and financial commitments in stage 3, in % of net loans"
DNB,2019,18.6,304746,969557,870170,3768,13484,-2191,26147,65349,11609,1677441,39202,25721,23133,960691,2793294,242255,54857,1.09,Stage3,"Net loans and financial commitments in stage 3, per cent of net loans"
DNB,2020,18.7,283526,1105574,777829,3789,13289,-9918,16672,55296,15469,1707829,38623,19840,23401,967433,2918943,248396,56399,1.55,Stage3,"Net loans and financial commitments in stage 3, per cent of net loans"
DNB,2021,19.4,296727,1247719,702759,3981,14992,868,8197,46887,11191,1708702,38690,25355,24034,973431,2919244,243912,55915,1.55,Stage3,"Net loans... in stage 3, in % of net loans"
DNB,2022,18.3,309988,1396630,737886,3890,15343,272,31699,79992,12632,1920333,48294,32861,26510,1061973,3236431,259098,66115,1.25,Stage3,"Net loans... in stage 3, in % of net loans"
DNB,2023,18.2,331408,1422941,807928,3658,14772,-2649,99098,160645,8454,2005139,61547,39479,28620,1099949,3439724,269296,81697,1.17,Stage3,"Net loans... in stage 3, per cent of net loans at amortised cost"
DNB,2024,19.4,147944,1487763,854765,3832,16298,-1209,129364,193554,7766,2258637,64190,45804,30448,1121130,3614125,283325,86537,0.97,Stage3,"Net loans... in stage 3, per cent of net loans at amortised cost"
Danske Bank,2015,16.1,76837,863474,1058450,4887,15566,-61,26333,59666,31412,1851658,33333,13123,24785,833594,3292878,160830,47086,2,NPL,NPL as percentage of total gross exposure
Danske Bank,2016,16.3,53211,943865,1119244,5736,15883,-168,27289,59618,26156,1933030,32329,19858,24647,815249,3483670,166615,49836,1.6,NPL,NPL as percentage of total gross exposure
Danske Bank,2017,17.6,82818,1046858,1163455,6749,17572,-1582,28631,58495,20749,1920032,29863,20900,25877,753409,3539528,168256,50582,1.2,NPL,Non-performing loans as a percentage of total gross exposure (%)
Danske Bank,2018,17,40997,1059119,1071570,6932,17312,-387,30746,59767,21170,2064750,29022,14689,28020,748104,3578467,163276,46955,1.2,NPL,Non-performing loans as a percentage of total gross exposure (%)
Danske Bank,2019,17.3,99035,1140726,1145910,6079,16437,1729,41927,69819,21313,2169320,27892,15072,30960,767177,3761050,170508,48114,1.4,NPL,Non-performing loans as a percentage of total gross exposure (%)
Danske Bank,2020,18.3,320702,1333781,1135971,5760,16434,7089,36234,64352,22554,2070484,28118,4589,32822,784184,4109231,168679,46215,1.2,NPL,Non-performing loans as a percentage of total gross exposure (%)
Danske Bank,2021,17.7,293386,1292030,1126417,6378,18495,141,30904,57678,22746,2072284,26774,12920,30822,860173,3935834,176704,47534,1,NPL,NPL as a percentage of total gross exposure (%)
Danske Bank,2022,17.8,175052,1262293,983305,5993,17305,1502,51241,79267,19645,2032466,28026,-5068,31250,838193,3762999,160318,45895,1.3,Stage3,Total gross credit exposure in stage 3 ... corresponding to 1.3% of total gross exposure
Danske Bank,2023,18.8,259156,1222203,1056208,4481,16111,262,47325,79594,20140,1863831,32269,21262,28908,827882,3770981,175739,55852,1.3,Other,corresponding to 1.3% of total gross exposure
Danske Bank,2024,17.8,107498,1094635,1079246,4551,19463,-543,43829,80526,19901,2013679,36697,23629,25736,814706,3716042,175687,56405,1.3,Stage3,Stage 3 gross/total gross credit exposure
Deutsche Bank,2015,11.1,96940,566974,160016,3647,16412,956,10086,25967,5028,432777,15881,-6772,38667,396714,1629130,67624,33525,1.7,Other,90 days or more past due ratio of our consumer credit exposure
Deutsche Bank,2016,11.8,181364,550204,172316,3255,14999,1383,10929,25636,4546,413455,14707,-1356,29442,357518,1590546,64819,30014,1.45,Other,90 days or more past due ratio of our consumer credit exposure
Deutsche Bank,2017,14,225655,580812,159715,3100,14102,525,11714,24092,3921,405621,12378,-735,24695,344212,1474732,68099,26447,1.34,Other,90 days or more past due ratio of our consumer credit exposure
Deutsche Bank,2018,13.6,188731,564405,152083,2882,12921,525,11601,24793,4247,433832,13192,341,23461,350432,1348137,68737,25316,NA,NA,NA
Deutsche Bank,2019,13.6,137592,572208,136473,2763,12283,723,11400,25149,4018,454235,13749,-5265,25076,324015,1297674,62160,23165,NA,NA,NA
Deutsche Bank,2020,13.6,166208,568031,149163,2803,12227,1792,6280,17806,4808,431807,11526,624,21216,328951,1325259,62196,24028,NA,NA,NA
Deutsche Bank,2021,13.2,192021,603750,144485,2796,13730,515,5444,16599,4779,490671,11155,2510,21505,351629,1323993,68030,25410,NA,NA,NA
Deutsche Bank,2022,13.4,178896,621456,131525,2675,12512,1226,10649,24299,4848,501732,13650,5659,20390,360003,1336788,72328,27210,NA,NA,NA
Deutsche Bank,2023,13.7,178416,622035,119390,2452,11657,1505,30472,44074,5208,492868,13602,4892,21695,349742,1312331,74818,28879,NA,NA,NA
Deutsche Bank,2024,13.8,147494,666261,114899,2818,13190,1830,36292,49358,5697,503005,13065,3505,22971,357427,1387177,79432,30092,NA,NA,NA
Erste Group Bank,2015,12,7328,127797.081,27895.975,479,2341,729.143,1701,5518,6009,131906,4444.657,968.228,3868.858,98300,199743.371,14807.313,6771,7.1,NPL,NPL ratio
Erste Group Bank,2016,12.8,13333,138013,27192,442,2225,-195.672,1493,5885,4613,135267,4374.518,1264.728,4028,103639,208227.07,16602.154,6691,4.9,NPL,NPL ratio
Erste Group Bank,2017,12.9,21796.299,150920.715,25095,477.816,2329.384,-132.017,1271.268,5624.422,3977,143509,4353.154,1316.218,4158,111571,220659.433,18288.316,6669,4,NPL,NPL ratio
Erste Group Bank,2018,13.5,17549.181,162638.233,29738.288,468.571,2377.02,59.253,2365,6947,-3563,152836,4581.977,1793.446,4181,114599,236791.833,18868.719,6916,3.2,NPL,NPL ratio based on gross customer loans
Erste Group Bank,2019,13.7,10693.301,173331,30000,373,2374,-39.159,2452,7199,-3290,157312,4746.85,1470.111,4283,119000,245692.847,20477.324,7256,2.5,NPL,NPL ratio based on gross customer loans
Erste Group Bank,2020,14.2,35839,191070,30676,378,2355,-1295,621,5107.9,4000,163417,4775,783,4221,120000,277394,22410,7155,2.7,NPL,NPL ratio
Erste Group Bank,2021,14.5,45495,210523,32130,419,2722,-159,1610,6585,4000,184177,4976,1923,4307,129647,307428,23513,7742,2.4,NPL,NPL ratio
Erste Group Bank,2022,14.2,35685,223973,29300,436,2888,-299,5289,11240,-3830,198143,5950,2164,4574,143926,323865,25305,8570,2,NPL,NPL ratio
Erste Group Bank,2023,15.7,36685,232815,43759,464,3104,-128,12262,19490,-3915,203156,7228,2998,5020,146545,337155,28502,10552,2,NPL,NPL ratio
Erste Group Bank,2024,15.1,25129,241651,51889,517,3454,-397,11581,19109,4100,213024,7528,3125,5279,159100,353736,30767,11178,2.6,NPL,NPL ratio – non-performing loans as a percentage of gross customer loans
Eurobank,2015,17,1798,31446,150,178,370,-2665,1123,2586,-11790,51683,1463,-1155,1017,38888,73553,7132,1762,NA,NA,NA
Eurobank,2016,17.6,1477,34031,102,137,381,-775,829,2377,-11598,50656,1548,249,992,38511,66393,7355,2062,NA,NA,NA
Eurobank,2017,17.9,1524,33843,549,114,372,-750,700,2164,-10134,47242,1464,115,895,38387,60029,7150,1882,NA,NA,NA
Eurobank,2018,14.2,1924,39083,2707,124,422,-680,770,2186,-8800,44973,1416,91,879,38849,57984,5031,1845,NA,NA,NA
Eurobank,2019,16.7,4679,44841,2406,119,413,-624,728,2105,-7099,44406,1377,127,901,41407,64761,6667,1844,29.2,NPE,driving the NPE ratio to
Eurobank,2020,12.4,6637,47306,1559,91,331,-449,447,1454,-3477,40874,1007,247,652,NA,67726,5225,1984,14,NPE,driving the NPE ratio to
Eurobank,2021,12.4,13515,53232,2554,NA,358,-413,521,1833,-1872,40815,1312,397,869,NA,77848,5565,1885,6.8,NPE,driving the NPE ratio at
Eurobank,2022,15.1,14994,57297,3554,136,584,-292,764,2315,-1626,43450,1551,1336,910,NA,81457,6653,3135,5.2,NPE,driving the NPE ratio to
Eurobank,2023,16.1,10943,57842,4758,NA,447,-413,2280,4454,-1258,42804,2174,1136,906,NA,79815,7532,2914,3.5,NPE,driving the NPE ratio to
Eurobank,2024,17.6,16131,78860,7057,144,705,-305,2593,5097,-1309,52245,2504,1514,1090,NA,101151,8636,3339,2.9,NPE,"The Group NPE ratio, excluding the NPE covered by the APS, decreased to"
ING Groep,2015,12.7,21458,500777,121289,1093,3411,1347,33760,46321,5786,543115,12561,4010,9246,321151,841769,48470,16845,2.5,NPL,ING Bank’s non-performing loan ratio
ING Groep,2016,14.18,18144,522942,103234,1148,3581,974,30941,44182,5308,568838,13241,4651,10614,314325,845081,50399,17491,2.1,NPL,NPL ratio
ING Groep,2017,14.7,21989,539799,96086,1155,3865,676,30244,43958,4628,579050,13714,4905,9829,309887,846216,51121,17773,1.9,NPL,The NPL ratio
ING Groep,2018,14.5,45987,556000,119751,1442,4240,656,13850,27766,NA,600000,13916,4703,10682,314149,887000,51735,18176,1.5,Stage3,Stage 3 ratio
ING Groep,2019,14.57,53202,574433,118528,1571,4439,1120,14376,28454,4646,620945,14079,4781,10353,326414,891744,54662,18306,1.3,Stage3,stage 3 make up ... of total amounts
ING Groep,2020,15.5,111087,609642,82065,1503,4514,2675,9094,22698,5854,603956,13604,2485,11153,306324,937275,55659,17637,1.7,Stage3,Stage 3 ratio
ING Groep,2021,15.89,106520,617296,91784,1487,5004,516,7499,21114,5368,632782,13615,4776,11192,313064,951290,54654,18490,1.3,Stage3,Stage 3 makes up ... of total gross carrying amounts
ING Groep,2022,14.5,87614,640770,95918,1499,5085,1861,14714,28470,6101,641490,13756,3674,11199,331520,967817,50413,18561,1.2,NPL,non-performing loans
ING Groep,2023,14.7,90214,650267,124670,1514,5109,520,36252,52227,5839,648023,15976,7287,11564,319169,975583,52184,22575,1.3,NPL,non-performing loans
ING Groep,2024,13.6,70353,691661,142367,1596,5604,1194,34889,58905,6049,686066,15023,6392,12121,333708,1020545,51309,22615,1.4,NPL,non-performing loans
Intesa Sanpaolo,2015,13,9344,255258,110144,1686,8735,-2824,4910,14148,-32101,382111,9238,2739,10025,284319,676496,48593,17149,9.5,NPL,Non-performing loans (as % of total loans to customers)
Intesa Sanpaolo,2016,12.7,8686,291876,94783,1730,8465,-3288,4250,12865,-30205,394918,8615,3111,8674,283918,725100,49319,16929,8.2,Other,non-performing assets as a percentage of total net loans to customers
Intesa Sanpaolo,2017,13.3,9353,323443,95038,2116,9544,-3288,3871,12398,-27505,438387,8527,7316,9210,286825,796861,56604,17443,6.2,Other,non-performing assets as a percentage of total net loans to customers
Intesa Sanpaolo,2018,13.5,10350,323386,92985,2308,9911,-2394,3144,10486,-22008,415558,7342,4050,10285,276446,787721,54024,17875,4.2,Other,non-performing assets as a percentage of total net loans to customers
Intesa Sanpaolo,2019,13.9,9745,414578,103316,2159,9658,-2089,3269,10193,NA,414037,6924,4182,9290,298524,816102,56203,18083,7.6,NPL,NPL to total loan ratios ... in gross book values
Intesa Sanpaolo,2020,14.7,9814,422365,91834,2334,10312,-4364,2451,10183,-12983,480682,7732,3277,9971,NA,1002614,66321,19023,NA,NA,NA
Intesa Sanpaolo,2021,12.8,10483,458239,86558,2723,12087,-2843,2480,10473,-14218,603649,7993,4185,12999,331732,1069003,64066,20918,1.6,NPL,Net non-performing loans / Loans to customers
Intesa Sanpaolo,2022,13.8,112924,454025,76079,2708,11285,-3113,3547,13232,-8508,558599,9685,4354,10934,295443,975683,61821,21470,1.2,NPL,Net non-performing loans / Loans to customers
Intesa Sanpaolo,2023,13.7,89270,440449,108428,2727,10528,-1416,15589,32525,NA,NA,16936,7724,12578,302110,963570,64127,25138,1.8,NPL,NPL ratio ... in gross terms
Intesa Sanpaolo,2024,13.9,40533,443457,110369,2781,11392,-1139,16512,34602,-7498,560388,18090,8666,11570,282109,933285,65321,27107,1.2,NPL,Net non-performing loans / Net loans to customers
Jyske Bank,2015,16.1,2825,144920,279393,414,2246,1372,5924,13628,6713,410030,7704,2476,5665,176904,543399,30040,10241,4.7,NPL,Non-performing loans and advances amounted to 4.7%
Jyske Bank,2016,16.5,2068,154648,322240,452,1980,201,5079,11652,5937,438592,6573,3116,5621,182195,586703,32514,9728,3.7,NPL,NPL ratio
Jyske Bank,2017,16.4,19347,160023,341521,426,2380,-179,4931,11219,5157,447673,6288,3143,6027,187998,597440,34604,9850,2.9,NPL,NPL ratio
Jyske Bank,2018,16.4,6081,148701,359763,471,2325,468,4678,10394,5607,487044,5716,2500,5415,188433,599947,34332,9023,1.5,NPL,NPL ratio
Jyske Bank,2019,17.4,9889,140235,395593,423,2734,-101,4727,10038,5227,502918,5311,2440,5495,181448,649738,35710,8473,1.4,NPL,NPL ratio
Jyske Bank,2020,17.9,34951,136953,412525,377,2468,968,3942,8992,5761,508309,5050,1609,5424,179426,672648,36632,8502,1,NPL,NPL ratio
Jyske Bank,2021,18.2,30685,134212,413465,455,2763,-218,3734,8776,5443,504100,5042,3176,5432,188181,647122,38266,9241,1.1,NPL,Share of non-performing loans (net)
Jyske Bank,2022,15.2,58519,208405,419591,479,3008,-605,5401,11298,4741,557383,5897,3752,5584,220921,749997,40624,9536,1.2,Stage3,"stage 3 loans amounted to 1.2% of loans, advances and guarantees"
Jyske Bank,2023,16.9,74737,218309,439428,501,3079,127,15325,24973,4972,571792,9648,5904,6844,225520,779675,45886,14859,1.1,Stage3,"stage 3 loans amounted to 1.1% of loans, advances and guarantees"
Jyske Bank,2024,17.6,37392,198860,428802,491,3228,21,16624,25980,4756,584177,9356,5312,6917,229519,750200,50588,14103,1.1,Other,"stage-3 loans amounted to 1.1% of loans, advances and guarantees"
KBC Group,2015,14.9,7038,170109,21463,670,2348,-747,2839,7150,5623,143400,4311,2639,3890,89067,252356,15811,7148,8.6,Impaired,Impaired loans ratio
KBC Group,2016,15.8,20148,177730,32659,651,2101,-201,2384,6642,-5094,147526,4258,2427,3948,87782,275200,17357,7211,7.2,Impaired,Impaired loans ratio
KBC Group,2017,16.3,29727,193968,41227,908,2615,30,2216,6337,4058,154160,4121,2575,4074,92410,292342,18803,7700,6,Impaired,Impaired loans ratio
KBC Group,2018,16,18691,194291,34648,737,2456,17,2453,6996,-3523,164824,4543,2570,4234,94875,283808,19633,7512,4.3,Impaired,Impaired loans ratio
KBC Group,2019,17.1,8356,203369,30185,741,2476,-217,2626,7244,-2855,175431,4618,2489,4303,99071,290735,20365,7629,3.5,Impaired,Impaired loans ratio
KBC Group,2020,17.6,24583,215430,24877,755,2365,-1182,1797,6264,-3695,180891,4467,1440,4156,102111,320743,21530,7195,3.3,Impaired,Impaired loans ratio
KBC Group,2021,15.5,40653,199476,26617,856,2692,334,1869,6320,-2573,188400,4451,2614,4396,104646,340346,23077,7558,2.9,Impaired,Impaired loans ratio
KBC Group,2022,15.3,51427,224407,28338,957,2804,-154,6064,11226,-2619,205720,5161,2743,4818,109981,355872,20807,8463,2.1,Impaired,Impaired loans ratio
KBC Group,2023,15.2,34530,216423,43068,642,2991,-215,14697,20170,-2474,202953,5473,3402,5125,113038,346921,24260,11224,2.1,Impaired,Impaired loans ratio
KBC Group,2024,15,46834,228747,43590,675,3253,-248,14172,19746,-2448,192067,5574,3415,5097,119945,373048,24311,11167,2,Impaired(APM),Impaired loans ratio (APM)
National Bank of Greece,2015,14.6,2208,42959,1106,256,349,-4263,654,2559,-12843,58218,1905,-4227,1301,NA,111232,9824,1972,NA,NA,NA
National Bank of Greece,2016,16.3,1501,40459,536,104,296,-809,342,2124,-11457,53100,1782,-2887,1169,NA,78531,7587,2064,NA,NA,NA
National Bank of Greece,2017,17,1778,40265,1026,69,309,-811,256,1807,-10239,48180,1551,-443,944,NA,64768,7379,1617,NA,NA,NA
National Bank of Greece,2018,16.1,5138,43027,1146,92,332,-312,243,1337,-9466,39600,1094,-84,921,NA,65095,5638,1320,NA,NA,NA
National Bank of Greece,2019,16,3502,43648,1365,100,355,-342,247,1433,-5757,34811,1186,-255,NA,NA,64248,5277,1681,NA,NA,NA
National Bank of Greece,2020,NA,9175,48504,910,108,364,-1106,206,1375,-2707,29445,1169,38,NA,NA,77485,5079,2522,NA,NA,NA
National Bank of Greece,2021,16.9,15827,53493,912,134,421,-78,149,1361,-1655,31747,1212,867,915,34700,83958,5772,1903,7,NPE,NPE ratio
National Bank of Greece,2022,16.6,14226,55192,1731,117,464,-280,152,1521,-1493,36555,1369,1120,805,36400,78113,6475,2355,5.2,NPE,NPE ratio
National Bank of Greece,2023,17.8,9015,57126,2323,80,462,-325,522,2785,-1083,34907,2263,1106,928,37700,74584,7652,2760,3.7,NPE,NPE ratio
National Bank of Greece,2024,18.3,5380,57593,3618,84,511,-225,696,3052,-895,37034,2356,1158,1053,37400,74957,8452,2885,2.6,NPE,NPE ratio
Nordea,2015,16.5,35500,193342,201937,1010,4035,-479,3439,8549,-2664,343582,5110,3662,4957,143294,646868,31032,10140,1.62,Impaired,"Impaired loans ratio, basis points"
Nordea,2016,18.4,32099,174028,191750,860,4098,-502,3020,7747,-2426,320113,4727,3766,4800,133157,615659,32410,9927,1.63,Impaired,"Impaired loans ratio, basis points"
Nordea,2017,19.5,43081,172434,179114,863,4232,-369,2909,7575,-2333,312490,4666,3048,5102,125779,581612,33316,9469,1.86,Impaired,"Impaired loans ratio, basis points"
Nordea,2018,15.5,41578,164958,190422,853,3846,-173,2929,7253,2163,236497,4324,3081,4879,155886,551408,32901,9005,1.82,Impaired,"Impaired loans ratio, basis points"
Nordea,2019,16.3,35509,168725,193726,920,3931,-536,3334,NA,2328,324909,4318,1542,5986,150215,554848,31528,8635,1.78,Impaired,"Impaired loans ratio, basis points"
Nordea,2020,17.1,32955,183431,174309,897,3856,-908,2013,NA,-2448,332209,4515,2265,4643,155440,552160,33740,8466,1.51,Stage3,"Impairment rate, (stage 3) gross, basis points"
Nordea,2021,17,47495,205801,175792,977,4472,-118,1167,NA,-2206,347253,4925,3831,4649,151906,570353,33503,9620,1.28,Stage3,"Impairment rate, (stage 3) gross, bp"
Nordea,2022,16.4,61815,217464,179803,942,4278,-112,3474,NA,-1673,347387,5664,3595,4903,145299,594844,31404,9796,0.81,Stage3,"Impairment rate, (stage 3) gross, bp"
Nordea,2023,17,50622,210062,182548,902,3923,-187,12278,NA,1825,346460,7451,4934,5238,138719,584702,31225,11743,0.89,Stage3,"Impairment ratio (stage 3), gross, bp"
Nordea,2024,15.8,46562,232435,188136,907,4064,-198,13486,NA,-1605,359183,7594,5059,5330,155850,623355,32436,12084,1.04,Stage3,"Impairment ratio (stage 3), gross, bp"
OP Financial Group,2015,19.5,8581,51941,27706,174,878,78,1460,2486,-494,75686,1026,853,1520,41824,125145,9324,2807,0.42,Other,"Ratio of receivables more than 90 days past due to loan and guarantee portfolio, %"
OP Financial Group,2016,20.1,9361,54822,28287,169,1028,77,1141,2200,-506,79111,1058,915,1567,44101,133747,10237,2989,3.2,Other,"Doubtful receivables / loan and guarantee portfolio, %"
OP Financial Group,2017,20.1,12937,57991,26841,145,1073,48,882,1975,-491,82731,1094,854,1773,49216,137242,11121,3115,3.4,Other,"Doubtful receivables / loan and guarantee portfolio, %"
OP Financial Group,2018,20.5,12350,61327,30456,125,1012,-46,805,1974,-525,87606,1175,794,1681,52126,140382,11835,2943,1,Other,"Ratio of non-performing receivables to loan and guarantee portfolio, %"
OP Financial Group,2019,19.5,11988,63998,34369,139,1075,-87,60,1310,-554,92017,1241,670,1903,55482,147024,12570,3181,1.1,Other,"Ratio of non-performing receivables to loan and guarantee portfolio, %"
OP Financial Group,2020,18.9,21827,70940,34706,123,1054,-225,58,1344,-662,94306,1284,641,1839,59720,160207,13112,3103,1.1,Other,"Non-performing receivables / loan and guarantee portfolio, %"
OP Financial Group,2021,18.2,32846,75612,34895,121,1155,-158,34,1441,-715,97662,1409,904,2007,65731,174110,14184,3616,2.4,NPE,"Ratio of non-performing exposures to exposures, %**"
OP Financial Group,2022,17.4,35004,77121,37438,121,1126,-115,211,1843,-634,99180,1618,1023,1981,72327,175516,14335,3426,2.34,NPE,"Ratio of non-performing exposures to exposures, %"
OP Financial Group,2023,19.2,19755,76656,37511,130,1038,-269,2609,5480,-882,99517,2871,1642,1716,73495,160391,16262,4775,2.94,NPE,"Ratio of non-performing exposures to exposures, % **"
OP Financial Group,2024,21.5,18110,77653,33198,128,946,-96,3316,6112,-820,98917,2796,1987,2262,71756,161168,18110,4844,2.64,NPE,"Ratio of non-performing exposures to exposures, %"
OTP Bank,2015,13.3,1878960,7984579,239376,43559,257431,318683,251998,802428,-1013620,6373674,550430,63171,465516,6576263,10718848,1233659,754912,16.6,Other,ratio of the more than 90 days past due to the above 360 days past due loans compared to the gross loan portfolio
OTP Bank,2016,13.5,1625357,8540583,146900,49244,272235,93473,169962,689691,-944273,6639754,519729,202452,456098,6730463,11307665,1420649,736315,13.9,Other,ratio of the more than 90 days past due to the above 360 days past due loans compared to the gross loan portfolio
OTP Bank,2017,12.7,1198045,10233471,250320,54413,315606,-40848,112759,666515,-738796,7726630,553756,281339,499450,8389925,13190228,1640055,804945,9.01,Other,ratio of the more than 90 days past due to the above 360 days past due loans compared to the gross loan portfolio
OTP Bank,2018,13.6,1547272,11285085,417966,60405,338081,-39287,133235,757958,-685364,8751957,624723,318322,573281,9464463,14590288,1826657,881726,3.74,Other,NA
OTP Bank,2019,13.9,1784378,15171308,393167,72903,413348,-49120,197095,894144,-706907,12553167,697049,412582,641217,14262200,20121767,2291288,1077728,4.23,Other,NA
OTP Bank,2020,15.4,2432312,17890863,464213,88896,486529,-200315,195216,977887,-829543,12504385,782671,259636,707667,15046888,23335841,2537112,1169920,9.01,Other,NA
OTP Bank,2021,17.5,2556035,21068644,436325,111939,554113,-47645,243149,1117459,-851994,14345177,874310,456428,747612,16691313,27553384,3036766,1312092,3.74,Other,NA
OTP Bank,2022,16.1,4221392,25188805,870682,139216,739576,-210458,912709,2004023,-966360,17060818,1091314,347081,975148,20405325,32804210,3322312,1661699,5.48,Stage3,ratio of Stage 3 + POCI loans compared to gross loans
OTP Bank,2023,16.6,7125049,28332431,2095548,169316,861309,-79281,1561558,2948264,-894031,18570564,1386706,990459,1074337,23700275,39609144,4094793,2243109,4.58,Stage3,Derived from Stage 3 + POCI loans / Loans at amortized cost gross total
OTP Bank,2024,18.9,6079012,31658189,2593124,203332,1045987,-109142,1336782,3082122,-917734,21208115,1745340,1076140,1212774,25576775,43419128,5120013,2643575,4.23,Stage3,Derived from Stage 3 + POCI loans / Loans at amortized cost gross total
PKO Bank Polski SA Group,2015,13.27,13743.864,195758.461,9432.973,747.702,3598.33,-1475.918,2629.168,9657.763,-8287.209,198700.917,7028.595,2601.253,6036.27,NA,266939.919,30264.913,10664.823,6.6,Impaired,share of impaired loans
PKO Bank Polski SA Group,2016,14.51,13325,205066,14493,886,3579,-1622,2209,9964,-8002,208609,7754,2876,5590,NA,285572,32568,11790,5.9,Impaired,share of impaired loans
PKO Bank Polski SA Group,2017,NA,17810,218800,23932,949,3918,-1620,2313,10919,-7823,213452,8606,3109,5784,NA,296912,36256,12563,5.5,Impaired,Share of impaired loans
PKO Bank Polski SA Group,2018,17.54,22925,242816,28627,1029,4042,-1373,2241,11594,-8204,223115,9353,3742,5905,NA,324255,39101,13347,4.9,Impaired,Share of impaired exposures
PKO Bank Polski SA Group,2019,17.16,14677,258199,31148,1083,4130,-1147,2481,12760,-7221,230365,10279,4032,5611,NA,348044,41578,14670,4.1,Impaired,Share of impaired loans
PKO Bank Polski SA Group,2020,16.99,7474,282356,32098,1049,4953,-2174,1455,11801,-8824,225414,10346,-2561,5983,NA,376966,39911,14447,4.38,Stage3,"Note: This calculation is based on the amortized cost portfolio, as Stage 3 data for fair value loans was not separately reported as a ""gross"" figure for 2020"
PKO Bank Polski SA Group,2021,17.03,11587,322296,23872,1165,5596,-1309,686,10568,-8688,238430,9882,4873,6174,NA,418086,37693,15090,3.91,Stage3,9 332 (Stage 3) ÷ 238 430 (Total Gross) = 0.03913
PKO Bank Polski SA Group,2022,16.65,15917,339582,15510,1564,6515,-1501,8327,20140,-9748,237912,11813,3333,7850,NA,430683,35435,17272,3.74,Stage3,Calculated: Stage 3 / Total Gross
PKO Bank Polski SA Group,2023,17.77,17813,399193,17201,1675,6301,-1265,12899,31217,-10206,255984,18318,5505,7635,NA,501516,45227,24132,3.52,Stage3,Calculated: Stage 3 / Total Gross (amortized cost)
PKO Bank Polski SA Group,2024,17.39,23494,419778,23457,1667,6787,-966,9986,32139,-9185,273173,22153,9304,8487,NA,525225,52370,28736,3.82,Stage3,Calculated: (Stage 3 + POCI) / Total Gross
SEB,2015,18.8,101429,883785,639444,5463,22340,-883,18788,37726,-4878,1416806,18938,16581,22187,570840,2495964,142798,44148,0.6,NPL,NPL per cent of lending
SEB,2016,18.8,151078,962028,668880,5872,22500,-993,16464,35202,-4789,1508335,18738,10618,27761,609959,2620646,140976,43771,0.5,NPL,NPL per cent of lending
SEB,2017,19.4,177222,1004721,614033,5472,23196,-808,16580,36472,-4476,1523995,19893,16244,21936,610819,2559596,143925,45609,0.54,NPL,NPL per cent of lending
SEB,2018,17.6,209115,1111390,680670,5654,24018,-1166,18277,39299,-5813,1631237,21022,23134,21940,716498,2567516,148789,45868,0.5,Stage3,"Stage 3 loans/Total loans, gross, %"
SEB,2019,17.6,146691,1161485,858173,5467,24176,-2294,18772,41722,-6912,1706885,22950,20177,22945,745637,2856648,155700,50134,0.67,Stage3,"Stage 3 loans/Total loans, gross, %"
SEB,2020,21,323776,1371227,749502,4870,22933,-6118,12435,37578,-9512,1718057,25143,15746,22747,725560,3040432,171943,49717,0.87,Stage3,"Stage 3 loans / Total loans – gross, %"
SEB,2021,19.7,439344,1597449,730106,4987,26129,-510,6904,33225,-8786,1844932,26321,25423,23245,787490,3304230,193228,54614,0.53,Stage3,"Stage 3 loans / Total loans – gross, %"
SEB,2022,19,377966,1701687,795149,6064,27637,-2007,22707,56150,-8613,2058321,33443,26989,25044,859320,3532810,204523,64589,0.33,Stage3,"Stage 3 loans / Total loans – gross, %"
SEB,2023,19.1,312373,1611651,867838,6293,27962,-962,87868,135394,-7999,2043860,47526,38116,27449,891992,3608218,221775,80193,0.37,Stage3,"Stage 3 loans / Total loans – gross, %"
SEB,2024,17.6,271894,1680565,898841,7181,31285,886,104152,149403,-6480,2128343,45251,35865,30949,947860,3759028,231148,81887,0.47,Stage3,"Stage 3 loans / Total loans – gross, %"
Societe Generale,2015,NA,78565,379631,106412,3466,10144,-3065,16125,25431,NA,420036,9306,4395,16893,NA,1334391,62675,25639,NA,NA,NA
Societe Generale,2016,11.5,96186,421002,102202,3417,10116,-2091,15193,24660,NA,440874,9467,4338,16817,355478,1382241,65706,25298,5,Other,Gross doubtful loans ratio
Societe Generale,2017,11.4,114404,410633,103235,3417,10504,-1349,13263,23679,NA,437403,10416,2806,17838,353306,1275128,64037,23954,4.4,Other,Gross doubtful loans ratio
Societe Generale,2018,10.9,96585,416818,116339,3600,9124,-1005,11659,22678,-11435,458327,11019,4556,17931,376049,1309428,65809,25205,3.6,Other,Gross doubtful loans ratio
Societe Generale,2019,12.7,102311,418612,125168,3811,9068,-1278,12527,23712,-10727,460587,11185,3946,17727,345010,1356303,68570,24671,3.2,Other,GROSS DOUBTFUL LOANS RATIO
Societe Generale,2020,13.4,168179,456059,138957,3612,8529,-3306,10248,20721,-11601,459933,10473,196,16714,352400,1461952,66979,22113,3.3,Other,gross doubtful outstandings ratio
Societe Generale,2021,13.6,179969,509133,135324,3842,9162,-700,9872,20590,-11357,507917,10718,6338,17590,363371,1464449,70863,25798,2.9,Other,GROUP GROSS NON PERFORMING LOANS RATIO*
Societe Generale,2022,13.49,207013,530764,133176,4161,9335,-1647,17552,28838,-10634,517479,11286,2947,18630,360464,1486818,72782,28059,2.8,Other,GROUP GROSS NON PERFORMING LOANS RATIO*
Societe Generale,2023,13.1,223048,541677,160506,4475,10063,-1025,42777,53087,-10070,495666,10310,3449,18524,388800,1554045,76247,25104,2.9,Other,Group Gross non performing loans ratio (2)
Societe Generale,2024,13.3,201680,531675,162200,4591,10817,-1530,45127,55019,-8445,463143,9892,5129,18472,390000,1573545,79588,26788,2.81,NPL,The gross non-performing loan ratio
SpareBank 1 SMN,2015,13.6,3270,64090,35154,135,1245,169,2159,4031,-559,93974,1872,1406,1931,89465,131914,13904,3876,0.47,Other,Total problem loans (defaulted and doubtful) [as %] of gross loans
SpareBank 1 SMN,2016,14.9,315,67168,36317,133,1251,516,1714,3597,-971,102325,1883,1647,2003,88788,138080,15299,4506,1.23,Other,Total problem loans (defaulted and doubtful) [as %] of gross outstanding loans
SpareBank 1 SMN,2017,14.9,3313,76476,42194,168,1390,341,1600,3825,-1112,112071,2225,1828,2369,93474,153254,17510,4989,0.99,Other,Total problem loans (defaulted and doubtful) [as %] of gross outstanding loans
SpareBank 1 SMN,2018,14.6,NA,80615,45537,168,1387,263,1655,4057,-744,120473,2403,2090,2624,101168,160704,18686,5337,1,Other,Overall problem loans (defaulted and doubtful) [as %] of gross outstanding loans
SpareBank 1 SMN,2019,17.2,761,85917,47882,193,1437,299,1939,4626,-998,125717,2687,2563,2797,92036,166662,20420,6178,1.26,Other,Overall problem loans (defaulted and doubtful) [as %] of gross outstanding loans
SpareBank 1 SMN,2020,18.3,2764,97529,51098,207,1510,951,1439,4197,-1517,134648,2759,1978,2952,93096,187912,21310,6281,1.23,Other,Overall problem loans (defaulted and doubtful) [as %] of gross outstanding loans
SpareBank 1 SMN,2021,18,1252,111286,40332,207,1583,161,1120,3916,-1410,147301,2796,2902,2993,98664,198845,23241,6655,1.68,Stage3,"Problem loans (Stage 3) [as %] of gross outstanding loans, including loans sold"
SpareBank 1 SMN,2022,18.9,1171,122010,47474,186,1446,-7,2588,5927,1121,152629,3339,2785,2443,104716,223312,25009,5760,0.97,Stage3,Problem loans (Stage 3) [as %] of gross outstanding loans; Loans and advances to customers at Stage 3 in percentage of gross loans
SpareBank 1 SMN,2023,18.8,1172,132888,45830,199,1370,14,6631,11262,-943,169862,4632,3688,3017,114633,232717,28597,7515,0.88,Stage3,"Problem loans (Stage 3) [as %] of gross utstanding loans, including loans sold"
SpareBank 1 SMN,2024,18.3,654,140897,56074,224,1611,176,8187,13560,848,180102,5373,4591,3300,122622,247699,30523,9123,0.89,Stage3,"Loans in Stage 3 [as %] of gross outstanding loans, including loans sold to the captive mortgage companies"
SpareBank 1 SR-Bank,2015,13.3,931,89444,71979,78,1605,420,3159,5752,833,155190,2593,1746,1863,119124,192049,16914,4429,0.55,Other,Non-performing commitments as % of gross loans
SpareBank 1 SR-Bank,2016,14.7,1079,85914,79183,72,1511,778,2692,5563,1266,157638,2871,1755,2032,116651,193408,18288,4968,0.68,Other,Non-performing commitments as a % of gross loans
SpareBank 1 SR-Bank,2017,15.1,207,95384,90497,79,1597,543,2585,5747,1317,172554,3162,2086,2167,120186,216618,19889,5320,0.32,Other,Non-performing commitments as a % of gross loans
SpareBank 1 SR-Bank,2018,14.72,717,98814,103485,87,1519,324,2835,6274,1227,192105,3439,2296,2229,130869,234061,21585,5445,1.53,Other,Loans in Band 3 as a % of gross loans
SpareBank 1 SR-Bank,2019,17,104,103106,116164,111,1516,235,3756,7743,1426,207114,3987,3124,2478,109513,255895,24834,6530,1.56,Stage3,Loans in Stage 3 as a % of gross loans
SpareBank 1 SR-Bank,2020,18.3,68,118170,127163,111,1501,2.03,2811,6953,2215,219181,4142,1.59,2386,121262,287049,26393,6237,1.9,Stage3,Gross loans and financial liabilities classified as Stage 3
SpareBank 1 SR-Bank,2021,17.4,78,137664,122276,90,1801,192,2196,6186,1721,230299,3.99,3156,2714,127112,304402,27179,6744,1.46,Stage3,Gross loans and financial liabilities classified as Stage 3
SpareBank 1 SR-Bank,2022,17.42,76,148100,135353,87,1836,5,4883,9399,1685,252957,4516,3378,2825,127529,345931,28889,7042,1.35,Stage3,Loans and financial liabilities in Stage 3 as a % of gross loans and financial liabilities.
SpareBank 1 SR-Bank,2023,17.61,88,149076,155.37,111,2.04,-232,12378,18515,1244,272001,6136,4475,3299,146371,362186,33561,8745,1.01,Stage3,Loans and financial liabilities in Stage 3 as a % of gross loans and financial commitments
SpareBank 1 SR-Bank,2024,18.01,119,204006,203389,116,2392,387,16298,23815,-1572,375678,7517,5193,3936,210950,479336,52637,10739,0.6,Stage3,Loans and financial liabilities in Stage 3 as a % of gross loans and financial commitments
Svenska Handelsbanken,2015,21.2,202630,753855,1245367,1655,10975,-1597,15312,43052,-4816,1871283,27740,16343,18271,473132,2522133,128268,40336,0.21,Impaired,"Proportion of impaired loans, %"
Svenska Handelsbanken,2016,25.1,199362,829336,1261765,1624,10780,-1724,12007,39950,-4643,1968265,27943,16245,18438,458787,2627580,136381,40763,0.16,Impaired,"Proportion of impaired loans, %"
Svenska Handelsbanken,2017,22.7,226314,941967,1276595,1821,11539,-1683,12326,42092,-5159,2070920,27766,16102,18980,509032,2766977,141604,41674,0.13,Impaired,"Proportion of impaired loans, %"
Svenska Handelsbanken,2018,16.8,317217,1008487,1394647,1936,12183,-881,17885,49171,-3801,2192893,31286,17357,20890,707579,2978174,142261,43770,0.22,Stage3,"Proportion of loans in Stage 3, %"
Svenska Handelsbanken,2019,18.5,327958,1117825,1384961,2065,12762,-1045,22260,54395,-4568,2297171,32135,16925,21743,716462,3069667,159832,44564,0.22,Stage3,"Proportion of loans in Stage 3, %"
Svenska Handelsbanken,2020,20.3,397642,1229763,1310737,1835,12621,-781,13902,45508,-3457,2273069,31606,15588,23334,721403,3135288,171473,44248,0.21,Stage3,"Proportion of loans in Stage 3, %"
Svenska Handelsbanken,2021,19.4,291584,1286637,1353768,1446,12904,-43,6441,35832,-3178,2417007,29391,19543,19843,773158,3346764,181731,43347,0.22,Stage3,"Proportion of loans in Stage 3, %"
Svenska Handelsbanken,2022,19.6,475868,1325061,1474801,1296,12399,-47,30797,67407,-2454,2471778,36610,21470,21296,810144,3453716,196030,50249,0.18,Stage3,"Proportion of loans in Stage 3, %"
Svenska Handelsbanken,2023,18.8,476171,1298480,1523481,1421,12559,-141,112227,159805,-2395,2436612,47578,29114,23182,836790,3537792,205085,62249,0.24,Stage3,Proportion of loans in Stage 3
Svenska Handelsbanken,2024,18.8,529995,1310739,1550027,1526,13252,601,124284,171125,-1608,2373695,46841,27456,25209,825457,3539173,210027,62345,0.31,Stage3,Proportion of loans in Stage 3
Swedbank,2015,24.1,186312,748271,826535,5384,16583,594,11990,34983,3381,1417322,22993,15727,16333,389098,2148855,123342,37624,0.4,Impaired,"Share of impaired loans, gross, %"
Swedbank,2016,25,121347,792924,841673,4678,16011,1367,9256,33728,3755,1511002,23664,19539,16441,394135,2154203,129705,41635,0.52,Impaired,"Share of impaired loans, gross, %"
Swedbank,2017,24.6,200371,855609,844204,5336,17366,1285,8382,34494,3886,1539084,24595,19350,16415,408351,2212636,133572,42438,0.55,Impaired,"Share of impaired loans, gross, %"
Swedbank,2018,16.3,163161,920750,804360,6131,18967,521,9600,37045,6023,1593511,25228,21162,16835,637882,2246092,137609,44222,0.69,Stage3,"Share of Stage 3 loans, gross, %"
Swedbank,2019,17,195286,954013,855754,6488,19472,1469,9381,35370,6679,1612154,25989,19697,19984,649237,2408228,138633,45960,0.82,Stage3,"Share of Stage 3 loans, gross, %"
Swedbank,2020,17.5,293811,1148240,732814,6706,19476,4334,6938,33791,8178,1649080,26853,12929,24560,689594,2594642,155193,45676,0.62,Stage3,"Share of Stage 3 loans, gross, %"
Swedbank,2021,18.3,360153,1265783,735917,7554,22407,170,4107,30364,5666,1708220,26257,20871,20847,707753,2750617,161696,46890,0.37,Stage3,"Share of Stage 3 loans, gross, %"
Swedbank,2022,17.8,365992,1305948,784206,8160,22383,1479,12141,45298,6023,1848834,33157,21877,21415,809438,2854876,176092,53221,0.31,Stage3,"Share of Stage 3 loans, gross, %"
Swedbank,2023,19,252994,1234262,728548,8732,23820,1674,51438,102372,7132,1819043,50933,34128,24100,847121,2855519,198790,73057,0.43,Stage3,"Share of Stage 3 loans, gross, %"
Swedbank,2024,19.8,325604,1288609,758199,9352,26067,-268,61353,110621,6250,1805964,49267,34869,25376,871902,3009697,218901,74104,0.65,Stage3,"Share of Stage 3 loans, gross, %"
UniCredit,2015,10.59,10303.334,449790.439,134477.901,1599.083,9417.551,-4081.168,7859.847,19518.305,43256.831,517255.352,11658.458,1694.24,15520.616,390598.859,860433.441,50086.743,22405,15.42,Other,as a percentage of total loans
UniCredit,2016,8.15,13857.831,452419.189,115435.5,1193.19,6778.422,-11929.784,5657.789,15964.8,33538.134,478145.616,10307.011,-11790.094,16842.13,387135.931,859532.774,39335.55,18056.796,11.78,Other,as a percentage of total loans
UniCredit,2017,13.73,64493.411,462895.261,98602.632,1271.029,7663.454,-2090.607,4461.65,14759.711,29255.054,476981.967,10298.061,5473.075,12709.267,356100.221,836789.724,59330.617,18146.028,10.15,Other,as a percentage of total loans
UniCredit,2018,12.07,30991,478988,81153,895,7651,-2619,3501,14357,25824,497663,10856,3892,10698,370.18,831469,55841,19723,7.67,Other,Group Gross NPEs Ratio
UniCredit,2019,13.22,17305,472967,96301,1288,7606,-3489,4521,14793,19055,501628,10272,3373,12061,378718,855647,61416,18142,5.04,Other,TOTAL NON-PERFORMING (as a percentage of total loans)
UniCredit,2020,15.1,101707,498440,102524,1.15,7651,-4996,3527,12968,16853,467403,9441,-2785,9805,325665,931456,59507,17140,4.5,NPL,non-performing loans as a percentage of total loans to customers
UniCredit,2021,15.03,148879,476761,88103,1148,7858,-1634,3111,12236,13158,450702,9125,1.54,9797,321992,916712,61452,17954,3.61,Other,as a percentage of total loans (TOTAL NON-PERFORMING)
UniCredit,2022,16.68,103805,511925,84207,1418,8105,-2031,5715,16339,11658,467439,10624,6473,9560,308466,857773,63497,20343,2.68,Other,as a percentage of total loans (TOTAL NON-PERFORMING)
UniCredit,2023,16.14,54082,497394,89845,1643,8247,-661,19571,33919,11695,439648,14348,9507,9471,284548,784974,64079,23843,2.66,NPL,ratio of gross non-performing loans to total loans
UniCredit,2024,15.96,41442,468693,97719,1518,9334,-746,7878,22236,11048,418378,14358,9719,9405,277093,785348,64887,24844,2.6,Other,Gross NPEr
